time,velocity_bit_hamming,density_l1
0,1,1
1,1,1
2,1,1
3,1,1
4,1,1
5,1,1
6,1,1
7,1,1
8,1,1
9,1,1
10,1,1
11,1,1
12,1,1
13,1,1
14,1,1
15,1,1
16,1,1
17,1,1
18,1,1
19,1,1
20,1,1
21,1,1
22,1,1
23,1,1
24,1,1
25,1,1
26,1,1
27,1,1
28,1,1
29,1,1
30,1,1
31,1,1
32,1,1
33,1,1
34,1,1
35,1,1
36,1,1
37,1,1
38,1,1
39,1,1
40,1,1
41,1,1
42,1,1
43,1,1
44,1,1
45,1,1
46,1,1
47,1,1
48,1,1
49,1,1
50,1,1
51,1,1
52,1,1
53,1,1
54,1,1
55,1,1
56,3,3
57,3,3
58,3,3
59,7,7
60,9,7
61,11,7
62,11,11
63,11,7
64,9,9
65,11,9
66,9,9
67,11,9
68,11,9
69,13,11
70,13,11
71,13,13
72,13,5
73,11,9
74,9,5
75,9,9
76,9,7
77,9,9
78,13,11
79,15,13
80,15,15
81,15,11
82,15,7
83,15,9
84,13,11
85,13,9
86,13,7
87,15,11
88,13,11
89,15,11
90,13,9
91,15,11
92,13,3
93,13,9
94,13,13
95,15,9
96,13,9
97,13,9
98,15,9
99,13,11
100,11,9
101,11,7
102,11,3
103,11,9
104,11,11
105,13,13
106,13,9
107,13,7
108,9,7
109,9,5
110,9,7
111,9,9
112,9,5
113,9,7
114,11,11
115,13,9
116,13,9
117,15,9
118,15,15
119,15,11
120,13,13
121,15,13
122,13,9
123,11,11
124,11,9
125,9,5
126,11,11
127,13,11
128,13,9
129,13,11
130,13,9
131,11,11
132,11,5
133,9,3
134,9,9
135,11,11
136,11,11
137,11,9
138,11,7
139,13,7
140,11,11
141,13,11
142,15,11
143,13,11
144,13,9
145,11,9
146,11,7
147,11,11
148,11,9
149,11,9
150,11,11
151,11,7
152,11,9
153,11,9
154,11,7
155,7,7
156,7,5
157,5,5
158,5,1
159,5,5
160,9,7
161,9,9
162,11,5
163,11,11
164,11,11
165,11,9
166,9,7
167,7,7
168,11,5
169,13,11
170,15,15
171,15,13
172,15,9
173,11,9
174,9,1
175,9,7
176,9,9
177,11,11
178,11,11
179,15,11
180,15,13
181,17,13
182,17,9
183,17,13
184,15,13
185,15,13
186,13,9
187,11,11
188,11,5
189,9,5
190,11,11
191,13,13
192,13,13
193,13,11
194,13,11
195,13,7
196,13,11
197,13,7
198,13,11
199,11,9
200,9,5
201,7,7
202,9,7
203,11,7
204,11,11
205,13,7
206,13,11
207,13,7
208,11,11
209,13,9
210,11,9
211,11,11
212,11,7
213,11,7
214,13,11
215,11,9
216,11,7
217,13,9
218,13,11
219,11,9
220,11,7
221,13,9
222,11,7
223,9,7
224,11,11
225,13,5
226,13,11
227,13,7
228,13,11
229,13,11
230,13,11
231,11,9
232,11,9
233,9,5
234,7,5
235,7,7
236,7,7
237,7,5
238,9,7
239,9,7
240,11,7
241,11,11
242,11,9
243,11,11
244,15,13
245,13,11
246,13,11
247,11,11
248,11,9
249,9,9
250,9,9
251,11,11
252,13,11
253,15,13
254,15,11
255,13,13
256,13,11
257,13,7
258,9,9
259,11,11
260,11,9
261,9,9
262,11,7
263,11,9
264,13,13
265,13,11
266,13,11
267,13,5
268,9,5
269,5,1
270,5,5
271,5,5
272,5,5
273,7,5
274,9,7
275,9,9
276,9,7
277,11,11
278,11,9
279,9,7
280,7,7
281,7,5
282,5,5
283,7,5
284,7,5
285,11,9
286,13,9
287,13,13
288,13,9
289,13,7
290,11,7
291,9,9
292,9,7
293,9,5
294,11,7
295,9,9
296,13,11
297,15,5
298,15,9
299,13,7
300,15,11
301,13,7
302,13,11
303,13,9
304,13,9
305,13,13
306,13,11
307,11,11
308,13,9
309,11,9
310,9,9
311,11,11
312,11,11
313,13,11
314,13,9
315,13,9
316,13,11
317,11,11
318,11,5
319,9,9
320,11,7
321,11,9
322,13,9
323,11,9
324,13,11
325,13,11
326,13,13
327,13,13
328,13,11
329,15,13
330,15,9
331,15,11
332,13,11
333,13,11
334,11,11
335,13,11
336,11,11
337,11,9
338,13,9
339,13,11
340,11,11
341,13,11
342,13,7
343,13,11
344,11,9
345,11,11
346,11,7
347,11,9
348,11,7
349,11,11
350,13,11
351,13,9
352,13,9
353,15,13
354,15,9
355,13,11
356,13,7
357,15,13
358,15,11
359,13,9
360,13,9
361,13,9
362,11,9
363,11,11
364,13,9
365,13,5
366,13,11
367,13,9
368,13,9
369,13,11
370,11,9
371,9,9
372,9,7
373,13,9
374,13,11
375,15,15
376,15,9
377,15,7
378,13,9
379,15,15
380,15,9
381,15,9
382,13,11
383,13,11
384,11,7
385,11,11
386,11,9
387,13,9
388,13,11
389,11,11
390,15,13
391,13,7
392,13,9
393,11,11
394,11,11
395,11,5
396,13,11
397,11,7
398,13,11
399,11,11
400,13,9
401,11,9
402,11,9
403,9,7
404,9,9
405,9,5
406,9,7
407,9,9
408,11,7
409,9,7
410,11,7
411,11,7
412,13,13
413,13,13
414,13,11
415,15,9
416,13,5
417,13,9
418,13,13
419,13,11
420,15,11
421,17,13
422,15,11
423,13,13
424,13,7
425,9,7
426,9,9
427,9,7
428,9,5
429,7,7
430,9,9
431,9,9
432,9,7
433,7,7
434,7,5
435,5,5
436,5,1
437,5,5
438,5,5
439,5,5
440,7,7
441,7,5
442,5,5
443,5,5
444,5,1
445,5,5
446,7,7
447,9,9
448,9,7
449,11,11
450,11,7
451,13,11
452,11,5
453,9,5
454,9,9
455,11,9
456,9,7
457,9,9
458,9,7
459,7,3
460,5,5
461,7,7
462,7,3
463,7,5
464,11,9
465,11,5
466,13,11
467,13,7
468,13,11
469,13,9
470,11,5
471,11,11
472,11,9
473,13,9
474,11,11
475,11,7
476,9,9
477,9,9
478,11,11
479,13,11
480,15,13
481,15,9
482,13,11
483,15,11
484,13,11
485,11,9
486,11,5
487,11,3
488,11,9
489,13,9
490,13,11
491,11,9
492,11,7
493,9,7
494,7,5
495,7,7
496,7,7
497,9,7
498,11,7
499,11,9
500,13,13
501,13,11
502,13,11
503,15,11
504,13,11
505,11,7
506,9,7
507,7,5
508,9,9
509,9,9
510,11,9
511,11,5
512,11,5
513,9,7
514,9,7
515,7,7
516,9,5
517,9,7
518,11,11
519,13,11
520,13,11
521,13,13
522,13,11
523,15,13
524,15,11
525,11,9
526,11,7
527,9,7
528,7,7
529,13,11
530,13,11
531,11,11
532,13,7
533,13,9
534,11,11
535,11,9
536,13,11
537,13,9
538,9,5
539,11,11
540,11,7
541,13,13
542,13,11
543,13,7
544,13,11
545,15,11
546,13,11
547,15,9
548,15,11
549,11,7
550,9,5
551,9,5
552,9,7
553,9,9
554,13,13
555,13,9
556,15,13
557,13,9
558,13,7
559,13,13
560,15,13
561,13,13
562,13,5
563,13,9
564,9,5
565,5,1
566,5,3
567,5,5
568,5,5
569,7,7
570,9,7
571,11,9
572,11,5
573,11,9
574,15,11
575,13,9
576,11,11
577,11,5
578,11,5
579,9,9
580,9,5
581,7,7
582,9,7
583,11,11
584,11,5
585,11,11
586,13,11
587,11,5
588,11,9
589,13,11
590,15,9
591,13,9
592,15,9
593,15,15
594,15,13
595,13,13
596,13,9
597,11,9
598,9,3
599,9,9
600,9,7
601,13,13
602,13,7
603,17,15
604,15,13
605,13,11
606,11,9
607,11,3
608,11,7
609,11,11
610,13,9
611,13,11
612,13,11
613,15,15
614,15,11
615,13,9
616,13,9
617,11,7
618,11,9
619,13,11
620,11,11
621,11,7
622,11,7
623,11,7
624,9,7
625,7,5
626,7,1
627,7,3
628,7,7
629,9,7
630,11,7
631,11,9
632,11,9
633,9,7
634,11,9
635,11,9
636,9,9
637,9,9
638,11,3
639,9,9
640,11,9
641,11,11
642,11,9
643,15,13
644,13,7
645,13,11
646,15,13
647,15,5
648,13,9
649,13,11
650,11,9
651,11,7
652,13,9
653,13,11
654,11,11
655,13,11
656,15,7
657,15,11
658,15,13
659,15,11
660,15,13
661,15,13
662,15,11
663,11,7
664,7,5
665,7,3
666,7,7
667,7,7
668,11,11
669,13,11
670,13,9
671,15,13
672,15,11
673,15,11
674,13,13
675,15,11
676,15,11
677,15,9
678,15,13
679,17,11
680,17,13
681,15,9
682,15,13
683,15,11
684,11,11
685,11,9
686,11,9
687,9,9
688,9,9
689,11,5
690,9,9
691,11,11
692,11,9
693,13,11
694,13,11
695,13,7
696,11,11
697,11,7
698,7,5
699,5,5
700,9,7
701,9,9
702,11,9
703,11,11
704,13,9
705,9,9
706,9,5
707,9,9
708,9,5
709,9,9
710,13,13
711,13,9
712,11,11
713,11,9
714,11,11
715,11,11
716,13,13
717,15,13
718,15,11
719,13,7
720,11,7
721,11,9
722,9,9
723,9,5
724,11,9
725,13,11
726,11,11
727,13,9
728,13,9
729,11,11
730,11,7
731,9,5
732,7,7
733,9,7
734,7,7
735,7,7
736,9,7
737,9,5
738,9,7
739,9,9
740,9,5
741,7,7
742,9,7
743,9,5
744,7,7
745,9,5
746,11,11
747,11,7
748,9,7
749,7,7
750,7,5
751,7,3
752,7,7
753,7,7
754,7,7
755,9,7
756,9,5
757,9,5
758,11,11
759,13,7
760,13,13
761,13,9
762,13,5
763,11,3
764,9,7
765,7,5
766,9,5
767,11,7
768,11,7
769,13,11
770,13,7
771,11,7
772,9,7
773,9,5
774,7,7
775,7,5
776,7,5
777,7,7
778,11,7
779,11,11
780,11,9
781,11,7
782,11,7
783,11,3
784,13,13
785,13,9
786,13,9
787,15,9
788,15,15
789,15,9
790,13,9
791,13,7
792,13,7
793,13,13
794,13,11
795,13,11
796,13,9
797,11,7
798,11,9
799,13,13
800,13,9
801,11,9
802,11,5
803,11,7
804,9,9
805,9,9
806,11,9
807,11,5
808,9,7
809,11,9
810,11,7
811,11,9
812,11,9
813,9,5
814,11,9
815,9,5
816,9,9
817,11,9
818,11,9
819,13,13
820,13,11
821,13,11
822,11,9
823,11,5
824,9,7
825,11,7
826,11,9
827,13,11
828,13,11
829,15,9
830,13,11
831,13,11
832,11,9
833,13,5
834,11,5
835,11,9
836,9,9
837,9,7
838,9,7
839,9,7
840,11,9
841,13,9
842,11,9
843,9,7
844,11,7
845,13,13
846,15,13
847,17,11
848,15,11
849,15,13
850,13,9
851,11,11
852,11,7
853,9,7
854,7,3
855,5,1
856,5,5
857,5,5
858,5,5
859,7,7
860,9,5
861,7,7
862,7,7
863,7,5
864,5,1
865,5,5
866,7,5
867,7,7
868,9,9
869,13,13
870,13,9
871,15,13
872,15,7
873,15,11
874,13,9
875,13,11
876,11,9
877,11,7
878,13,9
879,15,11
880,15,13
881,15,11
882,15,13
883,15,15
884,15,15
885,15,13
886,15,11
887,13,11
888,13,9
889,11,5
890,11,11
891,13,11
892,13,11
893,15,13
894,17,15
895,15,11
896,13,9
897,13,7
898,9,7
899,7,7
900,9,9
901,13,11
902,15,5
903,15,11
904,17,13
905,15,9
906,13,9
907,11,9
908,11,5
909,11,9
910,13,13
911,13,13
912,13,11
913,15,13
914,15,15
915,15,15
916,15,11
917,15,9
918,15,11
919,15,11
920,13,9
921,13,7
922,11,11
923,11,7
924,13,13
925,15,11
926,13,11
927,15,9
928,15,15
929,15,13
930,13,11
931,13,9
932,11,9
933,9,1
934,9,9
935,9,9
936,11,11
937,11,11
938,15,9
939,13,9
940,13,9
941,13,11
942,13,11
943,15,13
944,15,11
945,11,11
946,11,5
947,9,7
948,7,7
949,13,9
950,13,11
951,11,11
952,13,9
953,11,7
954,9,7
955,9,9
956,9,9
957,9,7
958,7,7
959,11,11
960,11,7
961,13,13
962,15,9
963,15,11
964,15,13
965,17,13
966,15,13
967,13,5
968,13,7
969,7,5
970,7,5
971,5,5
972,7,7
973,9,7
974,9,7
975,9,9
976,9,7
977,7,5
978,5,5
979,9,5
980,11,11
981,11,9
982,11,9
983,13,5
984,11,9
985,11,7
986,9,9
987,11,7
988,9,7
989,11,11
990,13,11
991,15,13
992,13,9
993,13,9
994,9,5
995,9,5
996,9,7
997,9,5
998,9,9
999,13,9
1000,11,9
1001,9,9
1002,11,9
1003,11,11
1004,13,11
1005,13,11
1006,17,13
1007,15,9
1008,17,15
1009,15,13
1010,15,9
1011,13,13
1012,13,7
1013,11,9
1014,11,9
1015,11,9
1016,9,9
1017,9,7
1018,11,7
1019,11,9
1020,13,11
1021,13,9
1022,15,9
1023,15,13
1024,15,11
1025,15,15
1026,15,11
1027,15,13
1028,15,9
1029,13,13
1030,13,7
1031,11,7
1032,9,5
1033,7,7
1034,9,9
1035,11,7
1036,13,9
1037,13,7
1038,13,7
1039,13,11
1040,13,9
1041,13,11
1042,13,9
1043,13,9
1044,11,11
1045,11,9
1046,11,9
1047,11,7
1048,15,9
1049,15,15
1050,15,9
1051,15,11
1052,15,9
1053,13,7
1054,11,9
1055,13,11
1056,13,11
1057,15,7
1058,15,15
1059,15,9
1060,15,11
1061,13,5
1062,13,9
1063,13,13
1064,13,11
1065,15,11
1066,17,15
1067,15,11
1068,13,13
1069,13,7
1070,7,5
1071,9,9
1072,9,7
1073,11,11
1074,13,9
1075,13,11
1076,11,11
1077,11,7
1078,7,5
1079,5,5
1080,7,7
1081,7,5
1082,5,5
1083,5,5
1084,5,1
1085,5,5
1086,5,5
1087,7,7
1088,7,7
1089,7,5
1090,5,5
1091,5,1
1092,5,5
1093,5,5
1094,7,7
1095,9,9
1096,9,5
1097,7,7
1098,7,5
1099,5,1
1100,5,5
1101,5,5
1102,5,5
1103,5,5
1104,7,5
1105,7,5
1106,9,7
1107,11,7
1108,13,13
1109,13,9
1110,11,9
1111,11,7
1112,9,7
1113,9,9
1114,9,7
1115,11,9
1116,11,7
1117,13,9
1118,13,11
1119,11,11
1120,15,13
1121,13,7
1122,13,9
1123,11,11
1124,11,9
1125,11,9
1126,15,13
1127,13,9
1128,15,7
1129,15,15
1130,15,9
1131,13,11
1132,13,9
1133,11,5
1134,9,9
1135,9,5
1136,7,5
1137,9,7
1138,11,9
1139,9,9
1140,9,5
1141,11,9
1142,9,3
1143,9,9
1144,9,9
1145,9,7
1146,7,5
1147,7,3
1148,7,3
1149,7,7
1150,7,5
1151,7,5
1152,7,3
1153,7,7
1154,9,9
1155,11,11
1156,11,9
1157,11,9
1158,9,7
1159,9,7
1160,9,7
1161,9,9
1162,9,5
1163,11,9
1164,13,13
1165,15,13
1166,15,7
1167,15,9
1168,11,9
1169,11,7
1170,7,5
1171,7,7
1172,7,3
1173,7,7
1174,9,7
1175,9,9
1176,9,7
1177,11,7
1178,11,7
1179,11,9
1180,9,5
1181,9,5
1182,7,3
1183,7,7
1184,7,7
1185,9,9
1186,9,3
1187,9,5
1188,7,5
1189,9,7
1190,9,7
1191,7,7
1192,7,5
1193,7,7
1194,7,5
1195,9,9
1196,11,7
1197,11,7
1198,13,13
1199,13,9
1200,15,13
1201,15,13
1202,15,9
1203,13,13
1204,13,11
1205,11,5
1206,13,11
1207,11,11
1208,13,11
1209,11,11
1210,13,11
1211,13,9
1212,13,9
1213,9,9
1214,9,9
1215,9,9
1216,9,9
1217,9,9
1218,13,7
1219,15,11
1220,13,13
1221,13,11
1222,13,9
1223,11,9
1224,9,5
1225,11,9
1226,11,9
1227,9,9
1228,9,9
1229,13,11
1230,11,9
1231,13,13
1232,15,7
1233,15,11
1234,15,13
1235,15,11
1236,11,9
1237,9,7
1238,9,1
1239,9,7
1240,11,11
1241,13,13
1242,15,9
1243,15,9
1244,15,11
1245,15,11
1246,13,9
1247,11,7
1248,11,7
1249,9,5
1250,11,11
1251,11,11
1252,13,9
1253,13,11
1254,11,5
1255,9,7
1256,11,7
1257,11,11
1258,11,9
1259,15,11
1260,15,15
1261,17,15
1262,15,9
1263,15,11
1264,13,13
1265,13,11
1266,11,9
1267,13,11
1268,13,7
1269,13,11
1270,11,11
1271,13,11
1272,11,11
1273,11,11
1274,13,11
1275,13,5
1276,13,11
1277,13,7
1278,13,11
1279,13,11
1280,11,9
1281,9,9
1282,9,7
1283,9,9
1284,11,7
1285,9,9
1286,9,9
1287,9,5
1288,7,5
1289,9,7
1290,11,7
1291,11,11
1292,13,9
1293,13,11
1294,13,9
1295,11,9
1296,11,9
1297,9,9
1298,13,11
1299,11,11
1300,11,11
1301,13,9
1302,13,7
1303,13,11
1304,11,11
1305,13,13
1306,15,11
1307,15,9
1308,13,9
1309,15,13
1310,13,9
1311,11,9
1312,13,9
1313,13,5
1314,13,11
1315,15,11
1316,15,11
1317,13,9
1318,13,13
1319,15,15
1320,15,13
1321,15,11
1322,15,7
1323,15,7
1324,15,15
1325,15,13
1326,15,9
1327,15,11
1328,13,7
1329,11,7
1330,13,11
1331,11,7
1332,13,9
1333,11,9
1334,13,11
1335,13,9
1336,13,11
1337,11,9
1338,9,5
1339,5,5
1340,7,7
1341,9,7
1342,9,5
1343,11,11
1344,11,11
1345,11,7
1346,13,11
1347,13,5
1348,9,5
1349,9,7
1350,13,11
1351,11,9
1352,13,9
1353,13,11
1354,13,9
1355,13,11
1356,11,7
1357,11,11
1358,11,7
1359,9,9
1360,9,9
1361,11,11
1362,11,9
1363,11,9
1364,9,7
1365,9,9
1366,11,9
1367,11,11
1368,11,9
1369,11,9
1370,9,5
1371,9,9
1372,11,11
1373,11,9
1374,11,11
1375,11,9
1376,13,11
1377,13,9
1378,11,7
1379,11,7
1380,11,7
1381,9,7
1382,9,7
1383,9,7
1384,11,9
1385,9,3
1386,9,9
1387,9,9
1388,9,1
1389,9,9
1390,9,5
1391,9,9
1392,11,11
1393,13,9
1394,13,11
1395,13,7
1396,15,15
1397,15,9
1398,13,5
1399,13,13
1400,13,5
1401,11,11
1402,11,7
1403,11,5
1404,9,9
1405,11,9
1406,11,9
1407,13,11
1408,15,9
1409,13,13
1410,15,11
1411,15,11
1412,13,11
1413,13,11
1414,11,9
1415,13,7
1416,13,13
1417,13,13
1418,15,11
1419,15,13
1420,13,9
1421,11,11
1422,11,7
1423,11,7
1424,11,9
1425,13,13
1426,13,9
1427,15,7
1428,15,9
1429,13,13
1430,15,9
1431,15,7
1432,13,9
1433,15,13
1434,13,9
1435,15,15
1436,15,9
1437,15,11
1438,13,7
1439,11,7
1440,11,9
1441,11,9
1442,13,9
1443,13,11
1444,15,9
1445,15,9
1446,15,11
1447,13,9
1448,13,9
1449,11,11
1450,13,11
1451,11,11
1452,11,11
1453,15,13
1454,13,9
1455,15,13
1456,15,9
1457,15,9
1458,11,9
1459,13,9
1460,11,11
1461,11,9
1462,11,11
1463,11,5
1464,5,3
1465,3,1
1466,1,1
1467,1,1
1468,1,1
1469,1,1
1470,1,1
1471,1,1
1472,1,1
1473,1,1
1474,1,1
1475,3,3
1476,3,3
1477,3,3
1478,5,5
1479,7,7
1480,9,9
1481,9,9
1482,9,7
1483,7,5
1484,5,1
1485,5,5
1486,5,5
1487,7,7
1488,7,7
1489,7,5
1490,5,5
1491,5,1
1492,5,5
1493,5,5
1494,5,5
1495,7,7
1496,9,7
1497,7,7
1498,9,7
1499,13,13
1500,13,11
1501,15,11
1502,15,11
1503,13,7
1504,11,9
1505,9,5
1506,5,5
1507,5,5
1508,7,5
1509,7,5
1510,9,7
1511,11,9
1512,13,7
1513,11,9
1514,11,11
1515,11,7
1516,11,9
1517,9,9
1518,9,5
1519,11,11
1520,13,13
1521,15,13
1522,15,5
1523,15,11
1524,13,7
1525,9,5
1526,5,5
1527,5,5
1528,5,1
1529,5,5
1530,5,5
1531,9,9
1532,9,5
1533,11,7
1534,11,11
1535,13,9
1536,11,9
1537,11,9
1538,9,9
1539,9,7
1540,11,9
1541,9,9
1542,9,5
1543,9,9
1544,11,7
1545,9,9
1546,9,7
1547,11,7
1548,11,7
1549,11,9
1550,11,11
1551,11,11
1552,11,11
1553,11,9
1554,11,11
1555,11,5
1556,9,9
1557,9,5
1558,7,7
1559,7,7
1560,9,7
1561,9,7
1562,9,5
1563,9,7
1564,9,7
1565,7,5
1566,7,1
1567,7,3
1568,7,7
1569,9,7
1570,9,7
1571,9,7
1572,9,7
1573,9,7
1574,7,7
1575,7,7
1576,9,7
1577,9,5
1578,9,7
1579,9,9
1580,9,5
1581,7,7
1582,9,7
1583,9,5
1584,9,9
1585,9,5
1586,9,7
1587,7,3
1588,9,9
1589,9,7
1590,9,7
1591,11,9
1592,11,7
1593,9,7
1594,7,7
1595,7,5
1596,7,3
1597,7,7
1598,7,7
1599,7,7
1600,9,9
1601,11,7
1602,11,7
1603,11,9
1604,11,7
1605,9,5
1606,9,7
1607,9,7
1608,9,9
1609,13,11
1610,13,13
1611,13,13
1612,13,7
1613,15,11
1614,13,11
1615,11,11
1616,13,11
1617,13,11
1618,11,9
1619,11,11
1620,13,13
1621,15,11
1622,13,9
1623,13,11
1624,15,11
1625,13,9
1626,11,11
1627,13,9
1628,13,9
1629,11,11
1630,11,7
1631,9,7
1632,7,7
1633,9,9
1634,9,5
1635,11,7
1636,13,11
1637,13,11
1638,15,11
1639,15,11
1640,13,9
1641,11,9
1642,13,7
1643,13,13
1644,13,9
1645,13,13
1646,15,7
1647,15,9
1648,13,13
1649,13,11
1650,13,9
1651,11,9
1652,9,7
1653,9,5
1654,9,7
1655,9,9
1656,9,7
1657,9,7
1658,7,5
1659,5,1
1660,5,3
1661,7,7
1662,7,7
1663,7,7
1664,11,7
1665,11,9
1666,13,13
1667,13,5
1668,13,9
1669,13,13
1670,13,9
1671,11,11
1672,11,9
1673,13,5
1674,11,11
1675,11,9
1676,11,5
1677,11,9
1678,11,11
1679,13,9
1680,13,9
1681,13,11
1682,13,9
1683,11,7
1684,9,7
1685,9,7
1686,7,7
1687,7,7
1688,11,5
1689,11,11
1690,13,11
1691,13,11
1692,13,9
1693,13,11
1694,11,5
1695,11,9
1696,11,7
1697,11,7
1698,11,9
1699,15,11
1700,13,11
1701,11,9
1702,13,11
1703,13,11
1704,11,11
1705,11,9
1706,13,5
1707,11,3
1708,11,11
1709,13,11
1710,13,9
1711,15,13
1712,15,7
1713,11,7
1714,13,9
1715,13,7
1716,9,9
1717,9,7
1718,11,7
1719,7,5
1720,7,7
1721,9,9
1722,11,11
1723,13,11
1724,15,13
1725,15,11
1726,15,11
1727,15,11
1728,17,9
1729,15,13
1730,13,9
1731,13,7
1732,11,11
1733,11,7
1734,11,11
1735,13,9
1736,11,7
1737,13,5
1738,13,11
1739,15,13
1740,13,13
1741,15,11
1742,13,11
1743,13,7
1744,9,7
1745,9,7
1746,7,7
1747,7,3
1748,9,7
1749,11,11
1750,13,11
1751,13,13
1752,13,9
1753,9,9
1754,11,5
1755,9,7
1756,9,9
1757,11,11
1758,11,7
1759,11,9
1760,11,11
1761,13,7
1762,13,13
1763,13,11
1764,13,13
1765,13,13
1766,15,13
1767,13,13
1768,13,9
1769,9,3
1770,9,5
1771,9,7
1772,9,9
1773,9,9
1774,13,9
1775,11,9
1776,11,11
1777,13,9
1778,13,9
1779,9,7
1780,11,7
1781,9,5
1782,9,7
1783,9,7
1784,11,9
1785,11,11
1786,11,9
1787,9,9
1788,9,5
1789,9,5
1790,11,11
1791,11,9
1792,13,11
1793,13,11
1794,13,11
1795,11,9
1796,11,7
1797,11,9
1798,11,9
1799,11,7
1800,13,9
1801,13,11
1802,11,7
1803,11,9
1804,11,7
1805,13,9
1806,11,9
1807,11,11
1808,11,11
1809,11,9
1810,9,9
1811,9,9
1812,9,9
1813,11,7
1814,7,7
1815,7,7
1816,9,7
1817,11,9
1818,11,7
1819,13,11
1820,15,11
1821,13,11
1822,11,5
1823,11,9
1824,9,9
1825,9,9
1826,11,9
1827,11,7
1828,15,11
1829,15,15
1830,15,13
1831,15,11
1832,15,11
1833,13,3
1834,11,11
1835,13,9
1836,13,7
1837,15,11
1838,15,15
1839,15,9
1840,15,11
1841,15,7
1842,13,9
1843,13,7
1844,11,7
1845,11,9
1846,13,9
1847,13,9
1848,15,13
1849,17,15
1850,17,13
1851,15,9
1852,15,11
1853,13,9
1854,11,7
1855,9,7
1856,9,9
1857,9,7
1858,11,9
1859,9,9
1860,13,11
1861,13,11
1862,13,9
1863,13,7
1864,13,7
1865,11,9
1866,11,9
1867,11,7
1868,11,11
1869,13,9
1870,11,11
1871,13,9
1872,15,7
1873,15,13
1874,15,5
1875,15,13
1876,13,9
1877,13,5
1878,11,11
1879,11,9
1880,9,5
1881,9,7
1882,7,5
1883,7,5
1884,5,5
1885,5,5
1886,5,5
1887,5,1
1888,5,5
1889,7,5
1890,11,11
1891,11,9
1892,11,9
1893,9,9
1894,13,7
1895,11,9
1896,13,11
1897,13,5
1898,13,9
1899,13,11
1900,13,9
1901,11,11
1902,11,9
1903,11,9
1904,11,9
1905,13,9
1906,13,9
1907,11,11
1908,11,9
1909,11,7
1910,13,9
1911,11,11
1912,11,9
1913,11,9
1914,9,5
1915,5,5
1916,5,5
1917,7,7
1918,11,7
1919,11,9
1920,11,9
1921,11,11
1922,11,7
1923,7,5
1924,7,5
1925,5,3
1926,5,5
1927,5,5
1928,5,1
1929,5,5
1930,7,7
1931,9,9
1932,9,9
1933,9,7
1934,9,7
1935,7,5
1936,7,7
1937,7,7
1938,7,5
1939,5,5
1940,5,1
1941,5,5
1942,5,5
1943,5,5
1944,7,5
1945,9,7
1946,7,7
1947,7,7
1948,9,9
1949,11,9
1950,11,11
1951,15,13
1952,17,7
1953,17,11
1954,15,9
1955,15,9
1956,13,11
1957,11,9
1958,13,9
1959,15,11
1960,15,15
1961,15,13
1962,15,11
1963,13,11
1964,13,13
1965,13,13
1966,13,11
1967,15,9
1968,15,11
1969,15,9
1970,13,11
1971,15,11
1972,13,11
1973,15,9
1974,15,15
1975,17,13
1976,15,9
1977,15,11
1978,11,9
1979,11,9
1980,9,7
1981,11,7
1982,11,9
1983,9,7
1984,11,9
1985,11,7
1986,9,5
1987,9,7
1988,9,7
1989,7,7
1990,9,7
1991,9,9
1992,11,9
1993,9,9
1994,11,11
1995,13,7
1996,13,13
1997,13,11
1998,13,9
1999,11,5
2000,7,7
2001,9,7
2002,9,7
2003,11,11
2004,11,11
2005,15,15
2006,15,11
2007,15,11
2008,15,11
2009,13,11
2010,13,9
2011,13,7
2012,13,11
2013,11,11
2014,15,13
2015,15,11
2016,13,11
2017,11,3
2018,13,9
2019,11,11
2020,13,11
2021,13,13
2022,13,7
2023,11,7
2024,9,5
2025,11,11
2026,11,9
2027,11,9
2028,9,9
2029,11,5
2030,9,9
2031,11,9
2032,13,11
2033,15,9
2034,13,11
2035,13,7
2036,11,9
2037,9,7
2038,7,5
2039,7,5
2040,5,5
2041,7,7
2042,7,7
2043,7,5
2044,5,5
2045,5,1
2046,5,5
2047,5,5
2048,5,5
2049,7,5
2050,7,5
2051,7,5
2052,7,7
2053,7,5
2054,5,5
2055,7,5
2056,5,5
2057,5,5
2058,7,5
2059,11,9
2060,13,13
2061,13,11
2062,13,9
2063,13,7
2064,11,5
2065,7,7
2066,7,7
2067,9,7
2068,7,5
2069,5,5
2070,5,5
2071,5,1
2072,5,5
2073,7,7
2074,9,7
2075,11,11
2076,11,7
2077,11,9
2078,13,11
2079,15,11
2080,13,11
2081,11,9
2082,9,9
2083,9,9
2084,11,9
2085,11,9
2086,13,9
2087,13,9
2088,13,7
2089,13,11
2090,11,5
2091,9,9
2092,9,7
2093,7,5
2094,7,7
2095,7,5
2096,7,5
2097,7,7
2098,11,7
2099,13,13
2100,13,7
2101,13,11
2102,13,11
2103,13,7
2104,11,9
2105,13,11
2106,13,9
2107,15,11
2108,15,15
2109,15,11
2110,13,9
2111,11,5
2112,9,3
2113,7,7
2114,9,7
2115,9,5
2116,9,9
2117,9,7
2118,9,7
2119,9,7
2120,9,7
2121,9,7
2122,9,3
2123,9,7
2124,9,7
2125,7,5
2126,7,5
2127,9,7
2128,13,11
2129,15,15
2130,15,9
2131,15,9
2132,15,9
2133,13,9
2134,11,9
2135,13,13
2136,13,13
2137,13,7
2138,13,11
2139,13,7
2140,11,9
2141,9,5
2142,9,5
2143,9,9
2144,9,5
2145,9,9
2146,11,11
2147,11,5
2148,11,11
2149,11,7
2150,9,7
2151,9,7
2152,9,7
2153,11,11
2154,11,11
2155,13,9
2156,13,9
2157,13,7
2158,11,11
2159,11,7
2160,7,7
2161,7,5
2162,7,7
2163,9,9
2164,11,7
2165,9,5
2166,9,5
2167,9,7
2168,9,9
2169,9,7
2170,11,9
2171,9,7
2172,9,5
2173,9,9
2174,9,5
2175,9,9
2176,11,11
2177,11,9
2178,13,9
2179,15,15
2180,15,11
2181,13,13
2182,13,7
2183,11,7
2184,7,5
2185,7,3
2186,5,5
2187,5,5
2188,5,5
2189,7,5
2190,5,5
2191,5,5
2192,5,5
2193,5,1
2194,5,5
2195,7,7
2196,7,7
2197,7,7
2198,9,5
2199,7,5
2200,5,5
2201,7,7
2202,9,9
2203,9,9
2204,13,9
2205,13,11
2206,13,11
2207,11,11
2208,11,7
2209,9,7
2210,13,9
2211,11,9
2212,11,11
2213,11,7
2214,9,1
2215,9,7
2216,9,9
2217,9,9
2218,11,9
2219,11,7
2220,9,7
2221,9,7
2222,9,3
2223,9,7
2224,7,5
2225,5,5
2226,5,5
2227,7,7
2228,7,5
2229,9,9
2230,9,7
2231,11,9
2232,11,3
2233,11,11
2234,11,11
2235,13,13
2236,13,7
2237,13,9
2238,9,5
2239,7,7
2240,7,5
2241,7,7
2242,7,3
2243,9,9
2244,9,7
2245,9,7
2246,11,9
2247,13,11
2248,11,11
2249,11,11
2250,13,13
2251,13,13
2252,13,9
2253,11,11
2254,13,9
2255,11,9
2256,11,7
2257,9,7
2258,9,7
2259,9,9
2260,11,9
2261,11,11
2262,11,9
2263,15,13
2264,15,9
2265,13,13
2266,13,7
2267,13,5
2268,11,9
2269,11,9
2270,11,9
2271,11,9
2272,11,7
2273,9,7
2274,7,7
2275,9,9
2276,11,7
2277,13,9
2278,13,11
2279,11,9
2280,13,9
2281,13,5
2282,13,13
2283,13,11
2284,13,13
2285,13,5
2286,13,11
2287,11,9
2288,13,11
2289,11,11
2290,11,9
2291,13,11
2292,13,9
2293,11,7
2294,13,11
2295,13,11
2296,11,9
2297,11,5
2298,11,9
2299,11,5
2300,9,7
2301,7,7
2302,7,7
2303,7,5
2304,5,1
2305,5,3
2306,7,7
2307,7,7
2308,7,7
2309,13,11
2310,11,9
2311,13,13
2312,13,9
2313,13,7
2314,13,13
2315,13,9
2316,9,9
2317,11,9
2318,11,5
2319,9,9
2320,9,9
2321,13,7
2322,13,5
2323,13,9
2324,15,11
2325,15,11
2326,13,11
2327,11,9
2328,11,5
2329,9,9
2330,11,7
2331,11,9
2332,11,11
2333,13,7
2334,7,7
2335,11,9
2336,9,9
2337,11,9
2338,13,11
2339,13,11
2340,13,9
2341,15,7
2342,15,9
2343,15,13
2344,15,11
2345,17,11
2346,15,11
2347,13,7
2348,11,11
2349,11,3
2350,9,9
2351,11,9
2352,11,7
2353,13,13
2354,15,13
2355,15,13
2356,17,11
2357,17,11
2358,15,9
2359,13,9
2360,13,9
2361,11,11
2362,13,11
2363,13,9
2364,15,11
2365,15,11
2366,15,11
2367,15,9
2368,11,11
2369,13,13
2370,13,11
2371,13,11
2372,13,11
2373,15,7
2374,15,13
2375,15,13
2376,15,7
2377,15,7
2378,15,9
2379,15,9
2380,15,13
2381,13,7
2382,13,7
2383,7,3
2384,7,7
2385,7,5
2386,9,5
2387,9,9
2388,11,7
2389,13,11
2390,13,5
2391,11,9
2392,11,7
2393,11,7
2394,9,7
2395,9,9
2396,11,11
2397,11,9
2398,15,9
2399,15,15
2400,17,13
2401,15,13
2402,15,11
2403,15,11
2404,15,11
2405,13,11
2406,15,9
2407,13,11
2408,15,11
2409,15,11
2410,15,13
2411,15,11
2412,15,11
2413,13,9
2414,15,9
2415,15,11
2416,13,11
2417,11,9
2418,9,9
2419,9,9
2420,9,5
2421,11,11
2422,13,9
2423,15,9
2424,15,15
2425,15,9
2426,15,9
2427,15,13
2428,15,9
2429,13,11
2430,15,13
2431,13,9
2432,11,7
2433,11,9
2434,11,9
2435,9,5
2436,9,9
2437,11,9
2438,11,7
2439,11,11
2440,11,7
2441,11,9
2442,9,9
2443,13,9
2444,11,9
2445,11,9
2446,13,11
2447,13,9
2448,11,7
2449,13,13
2450,13,9
2451,11,11
2452,11,5
2453,11,9
2454,11,5
2455,9,7
2456,7,7
2457,7,7
2458,7,5
2459,5,1
2460,5,5
2461,7,5
2462,7,7
2463,7,7
2464,13,11
2465,11,9
2466,13,13
2467,13,9
2468,13,7
2469,13,11
2470,13,9
2471,9,9
2472,11,9
2473,11,5
2474,9,9
2475,9,9
2476,13,9
2477,13,5
2478,13,9
2479,15,13
2480,15,9
2481,13,11
2482,11,9
2483,11,5
2484,9,9
2485,11,9
2486,11,11
2487,11,11
2488,13,5
2489,11,11
2490,13,11
2491,13,11
2492,15,11
2493,15,11
2494,13,7
2495,11,5
2496,11,9
2497,9,9
2498,11,9
2499,13,13
2500,15,11
2501,13,11
2502,13,11
2503,13,11
2504,11,7
2505,13,11
2506,13,11
2507,13,9
2508,11,9
2509,13,7
2510,11,11
2511,11,9
2512,11,9
2513,11,7
2514,7,5
2515,7,5
2516,7,7
2517,9,9
2518,11,7
2519,13,11
2520,11,9
2521,13,9
2522,11,9
2523,9,7
2524,11,9
2525,11,7
2526,11,11
2527,11,9
2528,15,11
2529,13,11
2530,11,11
2531,11,11
2532,11,5
2533,13,9
2534,15,15
2535,15,11
2536,15,9
2537,15,9
2538,15,13
2539,13,11
2540,15,11
2541,15,11
2542,13,7
2543,13,11
2544,11,7
2545,13,11
2546,13,9
2547,15,11
2548,15,11
2549,13,11
2550,15,13
2551,15,11
2552,13,7
2553,11,11
2554,11,7
2555,9,5
2556,9,9
2557,9,7
2558,9,9
2559,9,7
2560,9,5
2561,9,5
2562,9,7
2563,7,7
2564,9,9
2565,9,5
2566,9,9
2567,9,9
2568,9,5
2569,11,11
2570,13,11
2571,15,13
2572,17,5
2573,17,13
2574,15,7
2575,13,9
2576,9,5
2577,9,9
2578,9,5
2579,11,9
2580,13,13
2581,15,13
2582,13,11
2583,15,9
2584,13,11
2585,11,5
2586,9,9
2587,9,7
2588,9,9
2589,11,3
2590,11,7
2591,11,9
2592,13,9
2593,11,9
2594,11,9
2595,13,11
2596,15,9
2597,15,9
2598,15,9
2599,15,13
2600,15,13
2601,15,11
2602,15,9
2603,17,13
2604,15,11
2605,13,9
2606,9,5
2607,9,9
2608,9,5
2609,11,11
2610,13,11
2611,15,11
2612,13,9
2613,13,11
2614,13,7
2615,11,9
2616,9,9
2617,9,9
2618,11,9
2619,11,9
2620,13,11
2621,13,9
2622,13,7
2623,11,11
2624,13,11
2625,11,9
2626,13,9
2627,13,9
2628,13,7
2629,13,11
2630,15,11
2631,13,13
2632,15,13
2633,15,9
2634,13,11
2635,11,7
2636,9,9
2637,9,3
2638,7,7
2639,7,5
2640,7,5
2641,7,3
2642,7,7
2643,7,7
2644,9,9
2645,9,7
2646,7,5
2647,7,5
2648,9,9
2649,9,9
2650,9,9
2651,11,5
2652,13,7
2653,9,9
2654,9,9
2655,9,5
2656,11,9
2657,9,3
2658,9,9
2659,9,9
2660,9,7
2661,7,5
2662,7,3
2663,7,3
2664,7,7
2665,7,5
2666,7,7
2667,9,7
2668,11,11
2669,13,11
2670,15,11
2671,17,15
2672,17,9
2673,15,9
2674,11,7
2675,11,9
2676,11,7
2677,11,9
2678,11,11
2679,13,11
2680,11,9
2681,9,5
2682,11,5
2683,9,7
2684,7,7
2685,7,7
2686,7,5
2687,5,1
2688,5,5
2689,7,7
2690,9,9
2691,11,11
2692,13,9
2693,13,9
2694,15,13
2695,15,11
2696,15,13
2697,15,11
2698,11,11
2699,11,9
2700,11,11
2701,11,11
2702,11,9
2703,11,9
2704,13,7
2705,13,11
2706,13,11
2707,13,13
2708,13,11
2709,11,5
2710,9,7
2711,11,7
2712,11,11
2713,11,11
2714,15,13
2715,13,11
2716,15,13
2717,13,5
2718,13,7
2719,13,13
2720,13,9
2721,11,11
2722,11,7
2723,13,7
2724,9,7
2725,7,5
2726,5,5
2727,7,5
2728,5,5
2729,7,7
2730,9,9
2731,11,7
2732,9,9
2733,11,5
2734,13,9
2735,13,9
2736,13,11
2737,13,11
2738,11,5
2739,9,9
2740,9,7
2741,7,7
2742,9,7
2743,9,7
2744,9,7
2745,7,7
2746,7,5
2747,5,5
2748,5,1
2749,5,5
2750,7,7
2751,7,5
2752,9,7
2753,9,7
2754,9,7
2755,9,9
2756,11,7
2757,9,9
2758,13,13
2759,15,13
2760,15,11
2761,17,13
2762,17,7
2763,13,7
2764,11,7
2765,9,3
2766,7,7
2767,7,7
2768,11,7
2769,7,7
2770,9,7
2771,11,11
2772,11,11
2773,13,13
2774,15,13
2775,15,15
2776,15,9
2777,15,11
2778,15,9
2779,17,13
2780,15,11
2781,13,9
2782,11,9
2783,13,9
2784,13,13
2785,15,13
2786,15,5
2787,15,9
2788,11,7
2789,11,9
2790,9,7
2791,13,11
2792,13,7
2793,13,11
2794,15,13
2795,15,9
2796,13,11
2797,13,9
2798,13,9
2799,11,7
2800,11,9
2801,11,11
2802,11,9
2803,15,13
2804,15,13
2805,13,11
2806,13,9
2807,13,9
2808,13,13
2809,15,15
2810,15,11
2811,13,9
2812,11,9
2813,11,7
2814,11,9
2815,13,11
2816,15,11
2817,17,11
2818,17,15
2819,17,9
2820,15,13
2821,13,11
2822,11,5
2823,9,9
2824,9,7
2825,7,5
2826,7,7
2827,9,5
2828,11,5
2829,11,11
2830,11,7
2831,11,11
2832,11,7
2833,7,5
2834,7,5
2835,5,5
2836,5,5
2837,5,5
2838,5,1
2839,5,5
2840,7,7
2841,9,7
2842,9,9
2843,9,7
2844,9,7
2845,7,5
2846,7,7
2847,7,7
2848,7,5
2849,5,3
2850,5,1
2851,5,5
2852,5,5
2853,5,5
2854,7,7
2855,9,5
2856,7,7
2857,7,7
2858,9,9
2859,9,5
2860,9,9
2861,11,9
2862,13,9
2863,15,11
2864,15,11
2865,13,7
2866,13,3
2867,13,9
2868,13,13
2869,13,9
2870,11,11
2871,11,3
2872,9,9
2873,9,7
2874,11,9
2875,11,7
2876,11,11
2877,13,11
2878,11,7
2879,11,11
2880,11,9
2881,13,13
2882,13,9
2883,11,7
2884,13,13
2885,13,7
2886,11,11
2887,13,9
2888,13,9
2889,11,11
2890,13,11
2891,13,9
2892,11,9
2893,13,7
2894,11,11
2895,13,9
2896,15,11
2897,15,11
2898,17,13
2899,15,13
2900,13,9
2901,11,9
2902,11,5
2903,11,9
2904,13,9
2905,13,11
2906,11,11
2907,11,7
2908,9,7
2909,7,5
2910,11,9
2911,11,11
2912,11,9
2913,13,7
2914,13,7
2915,11,9
2916,11,7
2917,11,7
2918,13,13
2919,15,11
2920,13,11
2921,15,11
2922,15,9
2923,11,7
2924,9,9
2925,11,7
2926,11,9
2927,13,9
2928,13,11
2929,15,11
2930,15,11
2931,15,11
2932,13,11
2933,15,11
2934,13,11
2935,13,11
2936,13,11
2937,13,7
2938,13,9
2939,11,11
2940,11,11
2941,11,11
2942,11,7
2943,11,9
2944,13,9
2945,11,9
2946,11,7
2947,13,11
2948,15,13
2949,13,13
2950,15,15
2951,15,13
2952,15,9
2953,13,11
2954,13,5
2955,11,9
2956,9,9
2957,9,1
2958,9,9
2959,9,5
2960,11,11
2961,11,9
2962,11,7
2963,13,11
2964,13,11
2965,11,9
2966,9,9
2967,9,1
2968,9,7
2969,11,9
2970,13,13
2971,13,13
2972,13,9
2973,9,9
2974,11,5
2975,9,5
2976,9,9
2977,11,11
2978,11,7
2979,11,9
2980,11,11
2981,13,9
2982,13,13
2983,13,11
2984,13,13
2985,13,13
2986,15,11
2987,13,13
2988,13,9
2989,9,5
2990,9,5
2991,9,9
2992,9,9
2993,9,9
2994,13,7
2995,11,9
2996,11,9
2997,13,9
2998,13,9
2999,9,7
3000,11,9
3001,9,5
3002,9,7
3003,9,7
3004,11,9
3005,11,9
3006,11,9
3007,9,9
3008,9,5
3009,9,5
3010,11,11
3011,11,11
3012,13,11
3013,13,11
3014,13,11
3015,11,9
3016,11,7
3017,11,9
3018,11,9
3019,11,9
3020,13,9
3021,13,9
3022,11,7
3023,11,9
3024,11,5
3025,13,11
3026,11,11
3027,11,11
3028,11,9
3029,11,9
3030,11,11
3031,13,9
3032,13,11
3033,11,7
3034,9,7
3035,11,9
3036,9,9
3037,9,5
3038,13,9
3039,11,9
3040,11,9
3041,11,11
3042,11,9
3043,9,9
3044,13,13
3045,15,9
3046,15,13
3047,13,13
3048,13,9
3049,11,7
3050,7,5
3051,7,5
3052,7,3
3053,7,7
3054,7,7
3055,9,9
3056,9,5
3057,9,5
3058,7,5
3059,7,7
3060,7,5
3061,9,9
3062,11,3
3063,11,9
3064,11,9
3065,11,5
3066,9,7
3067,7,5
3068,7,5
3069,7,7
3070,7,7
3071,7,7
3072,7,5
3073,9,7
3074,11,11
3075,11,11
3076,11,5
3077,11,7
3078,11,7
3079,11,9
3080,9,7
3081,7,5
3082,7,5
3083,7,7
3084,9,9
3085,9,7
3086,7,7
3087,9,5
3088,11,9
3089,13,13
3090,15,9
3091,15,11
3092,13,11
3093,11,11
3094,11,7
3095,7,5
3096,9,9
3097,9,3
3098,11,11
3099,13,11
3100,15,9
3101,13,11
3102,13,13
3103,13,9
3104,9,9
3105,11,11
3106,11,9
3107,9,9
3108,11,9
3109,13,9
3110,11,11
3111,11,9
3112,11,9
3113,13,9
3114,11,7
3115,9,7
3116,9,7
3117,7,5
3118,5,1
3119,5,5
3120,7,7
3121,7,5
3122,9,7
3123,9,7
3124,9,7
3125,11,11
3126,11,9
3127,11,11
3128,11,9
3129,11,9
3130,11,9
3131,11,5
3132,11,9
3133,11,9
3134,11,11
3135,11,7
3136,11,9
3137,9,9
3138,9,5
3139,9,9
3140,11,11
3141,11,11
3142,11,9
3143,15,7
3144,13,9
3145,11,11
3146,13,13
3147,13,11
3148,11,9
3149,11,11
3150,13,11
3151,15,13
3152,13,9
3153,13,11
3154,15,13
3155,13,9
3156,11,11
3157,13,9
3158,13,9
3159,11,11
3160,11,9
3161,9,7
3162,7,7
3163,9,9
3164,11,7
3165,9,5
3166,9,7
3167,9,5
3168,9,7
3169,9,7
3170,7,5
3171,7,7
3172,7,5
3173,9,7
3174,9,9
3175,9,9
3176,11,9
3177,11,7
3178,11,11
3179,15,15
3180,15,9
3181,15,9
3182,13,11
3183,13,9
3184,11,9
3185,13,13
3186,13,11
3187,13,9
3188,15,13
3189,15,11
3190,11,9
3191,9,5
3192,11,7
3193,9,9
3194,9,7
3195,9,7
3196,9,7
3197,7,5
3198,7,7
3199,9,7
3200,9,5
3201,9,7
3202,9,5
3203,9,7
3204,11,9
3205,9,7
3206,9,9
3207,9,7
3208,11,11
3209,13,11
3210,15,11
3211,15,13
3212,15,11
3213,11,7
3214,11,7
3215,9,7
3216,9,9
3217,11,7
3218,11,9
3219,11,7
3220,9,7
3221,9,5
3222,9,9
3223,11,7
3224,13,11
3225,13,11
3226,15,13
3227,13,11
3228,13,11
3229,13,13
3230,13,11
3231,13,13
3232,13,7
3233,13,7
3234,13,11
3235,11,9
3236,11,11
3237,11,9
3238,9,9
3239,11,9
3240,11,9
3241,11,9
3242,9,7
3243,9,5
3244,9,5
3245,11,7
3246,11,11
3247,13,13
3248,13,9
3249,11,7
3250,7,7
3251,9,7
3252,7,5
3253,5,5
3254,7,7
3255,9,9
3256,11,9
3257,11,11
3258,11,9
3259,11,7
3260,11,7
3261,9,9
3262,9,7
3263,7,5
3264,7,5
3265,7,7
3266,9,9
3267,11,7
3268,11,9
3269,13,13
3270,13,11
3271,15,11
3272,13,5
3273,13,9
3274,13,7
3275,15,13
3276,13,11
3277,15,9
3278,15,11
3279,11,9
3280,9,5
3281,9,5
3282,9,9
3283,9,7
3284,13,11
3285,13,9
3286,15,15
3287,15,9
3288,13,9
3289,11,9
3290,11,9
3291,9,7
3292,9,9
3293,9,5
3294,11,9
3295,9,9
3296,11,11
3297,13,11
3298,13,11
3299,13,11
3300,13,13
3301,13,11
3302,13,9
3303,13,11
3304,11,7
3305,7,5
3306,7,5
3307,5,5
3308,7,7
3309,11,11
3310,13,11
3311,13,9
3312,13,9
3313,13,11
3314,13,7
3315,11,11
3316,11,7
3317,11,9
3318,11,9
3319,11,11
3320,11,9
3321,11,9
3322,11,3
3323,11,9
3324,11,11
3325,15,13
3326,15,9
3327,15,9
3328,11,7
3329,13,9
3330,11,9
3331,13,11
3332,15,7
3333,15,9
3334,15,13
3335,17,11
3336,13,9
3337,11,9
3338,11,7
3339,7,7
3340,11,11
3341,13,13
3342,13,13
3343,17,13
3344,15,11
3345,15,11
3346,13,11
3347,13,7
3348,11,9
3349,13,9
3350,11,11
3351,13,9
3352,15,7
3353,15,11
3354,11,9
3355,11,7
3356,13,5
3357,13,9
3358,13,13
3359,13,9
3360,11,11
3361,11,5
3362,9,9
3363,9,7
3364,11,11
3365,11,5
3366,11,11
3367,13,9
3368,13,9
3369,13,13
3370,13,7
3371,15,13
3372,15,9
3373,13,5
3374,13,11
3375,13,7
3376,11,11
3377,11,7
3378,11,5
3379,9,9
3380,11,7
3381,11,9
3382,13,11
3383,15,11
3384,11,9
3385,13,11
3386,11,9
3387,9,5
3388,9,9
3389,11,9
3390,13,9
3391,15,9
3392,17,11
3393,17,15
3394,17,11
3395,15,13
3396,13,11
3397,11,5
3398,9,9
3399,9,5
3400,7,7
3401,7,7
3402,9,7
3403,9,5
3404,7,7
3405,11,11
3406,11,11
3407,11,9
3408,9,7
3409,11,5
3410,9,7
3411,9,9
3412,11,9
3413,11,7
3414,11,9
3415,11,11
3416,13,9
3417,13,9
3418,13,9
3419,13,11
3420,11,9
3421,13,11
3422,11,9
3423,13,9
3424,15,15
3425,15,11
3426,13,9
3427,13,11
3428,11,7
3429,7,5
3430,7,5
3431,5,5
3432,5,5
3433,5,5
3434,9,9
3435,9,9
3436,11,9
3437,11,11
3438,13,7
3439,11,11
3440,13,7
3441,11,11
3442,11,9
3443,13,9
3444,11,9
3445,11,9
3446,13,13
3447,13,9
3448,13,7
3449,11,11
3450,13,11
3451,13,9
3452,15,11
3453,15,11
3454,15,9
3455,13,9
3456,13,5
3457,11,7
3458,11,7
3459,11,7
3460,11,9
3461,11,5
3462,11,7
3463,7,3
3464,7,7
3465,9,5
3466,9,7
3467,9,9
3468,11,11
3469,13,9
3470,13,9
3471,13,11
3472,15,11
3473,13,7
3474,13,11
3475,11,9
3476,11,9
3477,11,11
3478,13,9
3479,15,15
3480,17,11
3481,15,13
3482,15,11
3483,13,9
3484,11,7
3485,13,11
3486,13,11
3487,13,7
3488,13,11
3489,13,11
3490,11,11
3491,13,9
3492,15,11
3493,13,9
3494,15,11
3495,15,11
3496,15,15
3497,15,11
3498,11,11
3499,11,11
3500,11,11
3501,11,11
3502,11,9
3503,13,11
3504,15,13
3505,13,13
3506,13,11
3507,13,9
3508,11,9
3509,9,5
3510,11,11
3511,11,7
3512,9,9
3513,9,9
3514,13,11
3515,11,9
3516,13,13
3517,15,7
3518,15,11
3519,15,11
3520,15,11
3521,11,9
3522,9,7
3523,9,1
3524,9,7
3525,11,11
3526,13,13
3527,15,9
3528,15,9
3529,15,13
3530,15,9
3531,13,11
3532,11,7
3533,11,7
3534,9,5
3535,11,11
3536,11,11
3537,13,9
3538,13,11
3539,11,5
3540,9,9
3541,11,5
3542,11,11
3543,11,9
3544,15,11
3545,15,15
3546,17,13
3547,15,9
3548,15,11
3549,13,11
3550,13,11
3551,11,11
3552,13,11
3553,13,7
3554,13,11
3555,11,9
3556,13,9
3557,11,11
3558,11,11
3559,11,9
3560,13,7
3561,11,9
3562,11,7
3563,13,11
3564,13,9
3565,9,9
3566,11,7
3567,13,7
3568,11,9
3569,11,11
3570,11,7
3571,13,9
3572,11,11
3573,11,7
3574,9,7
3575,9,3
3576,7,7
3577,7,7
3578,9,5
3579,7,7
3580,7,7
3581,7,7
3582,7,5
3583,9,7
3584,13,13
3585,13,9
3586,13,9
3587,15,9
3588,15,13
3589,13,11
3590,15,11
3591,15,9
3592,13,7
3593,15,13
3594,13,11
3595,13,11
3596,13,7
3597,13,5
3598,11,9
3599,11,11
3600,13,11
3601,15,11
3602,15,7
3603,13,11
3604,15,11
3605,15,9
3606,11,9
3607,11,7
3608,9,3
3609,7,7
3610,7,5
3611,7,7
3612,7,7
3613,13,9
3614,11,9
3615,9,9
3616,9,5
3617,9,3
3618,7,7
3619,7,5
3620,7,5
3621,7,3
3622,7,7
3623,7,7
3624,9,9
3625,11,9
3626,9,7
3627,9,5
3628,9,9
3629,9,7
3630,9,9
3631,11,9
3632,11,7
3633,13,11
3634,13,9
3635,11,9
3636,9,9
3637,9,3
3638,7,5
3639,7,5
3640,5,5
3641,7,5
3642,7,5
3643,5,5
3644,7,7
3645,11,11
3646,13,11
3647,15,11
3648,15,11
3649,15,13
3650,15,11
3651,15,13
3652,15,9
3653,15,11
3654,13,7
3655,9,5
3656,5,5
3657,5,5
3658,5,1
3659,5,5
3660,7,5
3661,9,7
3662,9,9
3663,9,7
3664,9,7
3665,7,5
3666,7,7
3667,7,7
3668,11,9
3669,13,7
3670,13,11
3671,11,11
3672,11,7
3673,7,5
3674,5,5
3675,7,7
3676,7,5
3677,5,5
3678,5,5
3679,5,1
3680,5,5
3681,5,5
3682,7,7
3683,7,7
3684,7,5
3685,5,5
3686,5,1
3687,5,5
3688,5,5
3689,7,7
3690,9,9
3691,9,7
3692,7,7
3693,7,5
3694,5,1
3695,5,5
3696,5,3
3697,5,5
3698,5,5
3699,7,5
3700,7,7
3701,9,7
3702,11,7
3703,13,13
3704,15,13
3705,13,9
3706,15,11
3707,13,7
3708,13,9
3709,13,11
3710,15,13
3711,13,11
3712,13,9
3713,15,9
3714,13,11
3715,11,9
3716,9,9
3717,9,7
3718,11,11
3719,13,11
3720,15,11
3721,15,9
3722,13,11
3723,13,9
3724,13,9
3725,13,11
3726,11,9
3727,11,9
3728,13,13
3729,15,13
3730,13,11
3731,13,5
3732,13,7
3733,7,5
3734,7,5
3735,7,7
3736,9,7
3737,9,9
3738,11,7
3739,9,9
3740,9,7
3741,7,7
3742,9,7
3743,9,7
3744,11,11
3745,13,11
3746,13,11
3747,11,5
3748,13,11
3749,11,9
3750,11,11
3751,11,9
3752,11,5
3753,13,11
3754,15,15
3755,15,15
3756,15,13
3757,15,11
3758,13,7
3759,9,7
3760,7,5
3761,9,5
3762,9,5
3763,9,9
3764,9,5
3765,9,5
3766,9,5
3767,9,9
3768,11,9
3769,11,11
3770,11,7
3771,9,9
3772,9,7
3773,9,5
3774,9,7
3775,7,7
3776,7,7
3777,7,5
3778,5,1
3779,5,5
3780,9,9
3781,9,7
3782,9,9
3783,11,5
3784,13,9
3785,13,9
3786,13,11
3787,15,11
3788,13,9
3789,11,11
3790,11,9
3791,9,7
3792,7,7
3793,7,5
3794,5,1
3795,5,5
3796,5,3
3797,5,5
3798,5,5
3799,7,5
3800,5,5
3801,5,5
3802,7,7
3803,7,5
3804,5,5
3805,5,5
3806,5,1
3807,5,5
3808,7,5
3809,9,9
3810,9,9
3811,9,9
3812,9,7
3813,9,5
3814,11,7
3815,13,13
3816,13,11
3817,13,9
3818,11,9
3819,11,7
3820,7,5
3821,7,7
3822,7,7
3823,9,7
3824,7,7
3825,9,9
3826,9,9
3827,9,7
3828,7,7
3829,9,7
3830,9,9
3831,9,5
3832,7,7
3833,7,5
3834,5,1
3835,5,5
3836,7,7
3837,7,7
3838,9,5
3839,11,9
3840,11,9
3841,15,13
3842,15,7
3843,15,11
3844,13,11
3845,13,7
3846,11,11
3847,11,7
3848,13,9
3849,11,11
3850,13,11
3851,13,13
3852,13,9
3853,13,11
3854,13,9
3855,11,9
3856,11,9
3857,13,5
3858,13,13
3859,15,13
3860,13,9
3861,13,7
3862,11,7
3863,13,9
3864,13,11
3865,15,13
3866,17,11
3867,17,13
3868,13,9
3869,13,11
3870,11,5
3871,11,9
3872,11,7
3873,11,11
3874,13,11
3875,13,11
3876,13,11
3877,15,9
3878,15,9
3879,13,9
3880,13,7
3881,13,9
3882,11,7
3883,13,13
3884,15,13
3885,13,11
3886,13,11
3887,13,7
3888,11,7
3889,13,13
3890,13,11
3891,11,9
3892,13,7
3893,13,11
3894,11,9
3895,13,11
3896,15,7
3897,15,9
3898,15,13
3899,15,9
3900,17,11
3901,15,13
3902,13,7
3903,11,11
3904,11,5
3905,9,9
3906,11,11
3907,11,9
3908,11,11
3909,13,11
3910,13,11
3911,13,11
3912,13,11
3913,13,9
3914,11,9
3915,11,9
3916,11,5
3917,13,9
3918,13,11
3919,11,9
3920,13,9
3921,13,3
3922,13,13
3923,13,11
3924,13,11
3925,13,7
3926,13,11
3927,11,9
3928,11,5
3929,13,13
3930,13,9
3931,15,13
3932,15,13
3933,13,5
3934,13,13
3935,13,7
3936,11,11
3937,13,9
3938,13,11
3939,13,7
3940,13,11
3941,11,7
3942,11,5
3943,11,7
3944,9,5
3945,11,9
3946,11,9
3947,9,9
3948,11,7
3949,13,7
3950,13,13
3951,13,9
3952,13,11
3953,11,9
3954,9,5
3955,5,5
3956,5,5
3957,7,7
3958,9,7
3959,11,9
3960,11,7
3961,13,9
3962,11,11
3963,11,7
3964,9,7
3965,7,5
3966,5,5
3967,5,5
3968,5,1
3969,5,5
3970,7,7
3971,9,9
3972,9,9
3973,11,11
3974,13,11
3975,13,9
3976,13,11
3977,15,11
3978,15,11
3979,13,9
3980,11,5
3981,9,7
3982,7,5
3983,7,5
3984,9,7
3985,9,7
3986,9,7
3987,9,7
3988,9,7
3989,9,7
3990,9,9
3991,9,9
3992,9,9
3993,11,9
3994,13,7
3995,11,11
3996,13,11
3997,15,13
3998,15,11
3999,13,13
4000,13,9
4001,13,9
4002,13,11
4003,11,7
4004,11,11
4005,13,7
4006,13,9
4007,11,9
4008,11,11
4009,13,11
4010,13,9
4011,11,9
4012,11,9
4013,11,3
4014,11,9
4015,9,7
4016,9,7
4017,9,7
4018,9,7
4019,7,7
4020,7,7
4021,7,5
4022,7,5
4023,9,7
4024,13,13
4025,13,11
4026,13,11
4027,13,11
4028,13,11
4029,13,7
4030,9,7
4031,9,7
4032,9,7
4033,9,9
4034,9,7
4035,11,9
4036,9,7
4037,9,5
4038,9,9
4039,9,7
4040,9,7
4041,9,7
4042,9,7
4043,11,11
4044,11,11
4045,13,7
4046,11,9
4047,11,7
4048,7,5
4049,5,5
4050,9,9
4051,9,9
4052,11,9
4053,11,11
4054,13,9
4055,9,7
4056,9,5
4057,9,9
4058,9,5
4059,9,9
4060,13,13
4061,13,11
4062,11,11
4063,11,9
4064,11,11
4065,11,11
4066,13,11
4067,15,13
4068,15,11
4069,13,9
4070,11,7
4071,11,9
4072,9,9
4073,9,5
4074,11,7
4075,13,11
4076,11,11
4077,13,9
4078,13,9
4079,11,11
4080,11,7
4081,11,7
4082,9,9
4083,11,9
4084,11,7
4085,9,9
4086,9,5
4087,9,9
4088,9,9
4089,11,9
4090,11,7
4091,9,5
4092,9,5
4093,9,9
4094,9,5
4095,9,9
4096,11,11
4097,11,5
4098,11,11
4099,11,7
4100,11,9
4101,9,9
4102,9,9
4103,11,7
4104,11,11
4105,11,9
4106,11,9
4107,11,9
4108,11,9
4109,13,11
4110,11,9
4111,13,11
4112,15,7
4113,15,9
4114,15,11
4115,17,11
4116,15,13
4117,13,9
4118,15,9
4119,13,11
4120,11,9
4121,11,11
4122,11,5
4123,13,11
4124,15,15
4125,15,15
4126,15,7
4127,15,11
4128,13,7
4129,9,7
4130,7,5
4131,7,3
4132,7,3
4133,9,9
4134,11,11
4135,11,9
4136,11,7
4137,11,7
4138,9,3
4139,9,9
4140,11,5
4141,13,11
4142,13,7
4143,13,11
4144,13,9
4145,13,7
4146,13,11
4147,13,5
4148,13,9
4149,11,9
4150,9,7
4151,7,7
4152,9,9
4153,11,11
4154,13,11
4155,15,13
4156,15,9
4157,15,7
4158,15,11
4159,13,11
4160,11,9
4161,11,7
4162,11,7
4163,9,7
4164,9,7
4165,11,9
4166,9,9
4167,11,9
4168,13,13
4169,13,7
4170,13,13
4171,15,11
4172,15,9
4173,13,13
4174,13,13
4175,13,11
4176,15,13
4177,15,11
4178,13,11
4179,13,13
4180,15,7
4181,13,11
4182,13,11
4183,11,5
4184,9,9
4185,9,1
4186,9,9
4187,9,9
4188,9,1
4189,9,9
4190,11,9
4191,9,9
4192,11,9
4193,13,7
4194,11,9
4195,11,9
4196,13,13
4197,13,9
4198,9,5
4199,11,11
4200,11,5
4201,13,13
4202,13,11
4203,13,7
4204,13,13
4205,15,11
4206,13,13
4207,15,9
4208,15,11
4209,11,7
4210,9,5
4211,9,3
4212,9,7
4213,9,9
4214,13,13
4215,13,11
4216,15,13
4217,13,9
4218,13,7
4219,13,11
4220,15,13
4221,13,11
4222,13,5
4223,13,9
4224,9,5
4225,5,1
4226,5,5
4227,5,5
4228,5,5
4229,7,7
4230,9,5
4231,11,11
4232,11,5
4233,11,9
4234,15,13
4235,13,9
4236,11,11
4237,11,5
4238,11,5
4239,9,9
4240,9,7
4241,7,7
4242,9,7
4243,11,11
4244,13,9
4245,11,9
4246,11,7
4247,9,7
4248,9,7
4249,7,7
4250,9,7
4251,9,9
4252,9,9
4253,11,9
4254,13,11
4255,11,9
4256,11,9
4257,11,7
4258,9,9
4259,11,9
4260,13,9
4261,13,11
4262,13,13
4263,13,7
4264,9,3
4265,7,5
4266,7,7
4267,9,9
4268,9,9
4269,11,7
4270,11,9
4271,11,9
4272,9,5
4273,7,5
4274,7,7
4275,7,5
4276,11,9
4277,11,7
4278,15,15
4279,17,15
4280,17,13
4281,15,9
4282,15,9
4283,13,7
4284,11,7
4285,11,7
4286,11,9
4287,13,11
4288,15,15
4289,15,13
4290,13,9
4291,13,9
4292,13,5
4293,11,9
4294,13,13
4295,13,11
4296,13,11
4297,13,11
4298,15,11
4299,13,11
4300,13,11
4301,13,9
4302,15,11
4303,15,13
4304,15,9
4305,15,13
4306,13,9
4307,11,9
4308,9,5
4309,5,1
4310,7,7
4311,9,9
4312,9,9
4313,13,9
4314,13,11
4315,11,9
4316,11,9
4317,11,7
4318,7,7
4319,11,11
4320,11,11
4321,13,11
4322,13,7
4323,13,11
4324,15,7
4325,13,9
4326,11,9
4327,11,9
4328,11,7
4329,7,5
4330,5,1
4331,5,5
4332,5,5
4333,7,5
4334,9,9
4335,11,9
4336,13,11
4337,13,9
4338,11,9
4339,11,9
4340,11,7
4341,7,7
4342,7,5
4343,5,1
4344,5,5
4345,5,5
4346,9,7
4347,9,5
4348,11,9
4349,11,11
4350,15,11
4351,15,13
4352,15,11
4353,15,11
4354,17,11
4355,17,15
4356,15,11
4357,13,9
4358,13,9
4359,9,9
4360,9,7
4361,9,9
4362,11,7
4363,11,11
4364,13,11
4365,11,11
4366,15,13
4367,13,9
4368,15,11
4369,13,11
4370,13,9
4371,11,9
4372,11,9
4373,9,7
4374,9,9
4375,9,5
4376,7,7
4377,7,7
4378,9,5
4379,7,7
4380,7,5
4381,9,9
4382,11,3
4383,11,9
4384,11,9
4385,11,5
4386,9,7
4387,7,5
4388,9,7
4389,9,9
4390,13,11
4391,15,13
4392,15,13
4393,15,11
4394,11,7
4395,11,9
4396,11,7
4397,11,9
4398,11,9
4399,13,7
4400,11,9
4401,11,5
4402,13,9
4403,15,11
4404,13,11
4405,15,9
4406,15,7
4407,13,7
4408,11,7
4409,13,9
4410,11,11
4411,13,9
4412,13,7
4413,13,7
4414,13,13
4415,15,11
4416,11,9
4417,13,9
4418,13,7
4419,9,7
4420,9,7
4421,11,9
4422,9,7
4423,11,9
4424,11,11
4425,11,7
4426,9,7
4427,9,5
4428,7,7
4429,7,7
4430,9,7
4431,9,7
4432,9,5
4433,9,9
4434,11,5
4435,9,9
4436,9,7
4437,11,9
4438,9,5
4439,9,7
4440,9,5
4441,9,5
4442,9,9
4443,11,7
4444,13,13
4445,13,11
4446,15,13
4447,13,11
4448,13,11
4449,11,7
4450,7,5
4451,5,5
4452,5,1
4453,5,3
4454,5,5
4455,7,7
4456,7,7
4457,7,5
4458,5,5
4459,7,5
4460,5,3
4461,5,5
4462,5,5
4463,5,1
4464,5,5
4465,7,7
4466,9,9
4467,9,9
4468,9,7
4469,11,11
4470,11,9
4471,13,13
4472,13,13
4473,15,7
4474,15,15
4475,15,9
4476,13,11
4477,13,9
4478,11,5
4479,9,1
4480,9,5
4481,9,7
4482,11,9
4483,13,9
4484,13,11
4485,13,7
4486,13,9
4487,11,9
4488,9,5
4489,11,9
4490,9,7
4491,9,9
4492,9,7
4493,9,5
4494,11,11
4495,11,9
4496,11,11
4497,13,9
4498,13,9
4499,9,5
4500,9,5
4501,9,5
4502,9,7
4503,9,9
4504,13,9
4505,15,13
4506,13,11
4507,11,11
4508,13,7
4509,9,7
4510,9,7
4511,9,5
4512,9,7
4513,7,7
4514,11,9
4515,11,7
4516,11,11
4517,11,9
4518,13,11
4519,11,7
4520,9,5
4521,9,9
4522,11,11
4523,11,5
4524,11,11
4525,11,5
4526,11,7
4527,11,11
4528,13,9
4529,13,13
4530,15,11
4531,15,9
4532,13,13
4533,13,9
4534,11,7
4535,13,11
4536,13,9
4537,13,9
4538,15,13
4539,15,13
4540,13,13
4541,15,7
4542,15,7
4543,11,7
4544,11,11
4545,11,7
4546,13,11
4547,13,7
4548,13,11
4549,15,13
4550,13,9
4551,11,7
4552,11,7
4553,11,3
4554,11,9
4555,13,11
4556,13,11
4557,15,13
4558,15,15
4559,15,15
4560,15,13
4561,15,11
4562,15,9
4563,13,9
4564,11,5
4565,11,9
4566,11,7
4567,11,11
4568,11,11
4569,15,13
4570,13,11
4571,11,9
4572,13,7
4573,13,13
4574,13,9
4575,13,13
4576,15,9
4577,15,9
4578,13,13
4579,13,13
4580,13,9
4581,11,9
4582,9,7
4583,11,9
4584,13,13
4585,15,15
4586,15,13
4587,15,9
4588,11,9
4589,9,1
4590,9,9
4591,9,7
4592,11,11
4593,11,11
4594,15,11
4595,15,13
4596,17,11
4597,17,9
4598,17,13
4599,15,11
4600,15,13
4601,13,11
4602,11,11
4603,11,5
4604,9,5
4605,11,9
4606,13,9
4607,13,13
4608,13,13
4609,13,9
4610,11,9
4611,9,9
4612,9,5
4613,11,9
4614,9,5
4615,9,7
4616,11,5
4617,11,7
4618,11,9
4619,11,7
4620,9,7
4621,9,5
4622,9,7
4623,9,9
4624,13,9
4625,13,13
4626,13,13
4627,13,9
4628,13,9
4629,11,5
4630,9,9
4631,9,9
4632,9,9
4633,9,9
4634,11,11
4635,13,9
4636,15,11
4637,15,7
4638,15,13
4639,17,13
4640,15,11
4641,13,11
4642,11,5
4643,11,5
4644,9,9
4645,9,5
4646,9,9
4647,9,9
4648,13,11
4649,15,13
4650,15,13
4651,17,11
4652,17,9
4653,15,11
4654,13,9
4655,11,5
4656,9,9
4657,9,7
4658,9,5
4659,9,9
4660,9,7
4661,9,7
4662,9,7
4663,11,7
4664,9,7
4665,7,7
4666,7,5
4667,7,5
4668,7,7
4669,7,5
4670,7,7
4671,9,7
4672,9,7
4673,11,9
4674,11,11
4675,11,7
4676,9,7
4677,11,9
4678,9,9
4679,9,9
4680,11,9
4681,15,11
4682,13,7
4683,15,15
4684,17,15
4685,17,11
4686,15,11
4687,15,9
4688,11,7
4689,9,7
4690,7,5
4691,7,7
4692,7,7
4693,13,9
4694,13,11
4695,15,13
4696,17,15
4697,17,11
4698,15,13
4699,15,13
4700,15,15
4701,15,9
4702,15,13
4703,13,9
4704,13,13
4705,15,11
4706,13,7
4707,13,9
4708,13,13
4709,13,13
4710,15,9
4711,15,11
4712,13,11
4713,11,7
4714,7,5
4715,5,5
4716,5,5
4717,5,3
4718,3,3
4719,3,1
4720,1,1
4721,1,1
4722,1,1
4723,1,1
4724,1,1
4725,1,1
